<!-- ASEPRITE -->
<!-- Copyright (C) 2001-2013 by David Capello -->
<gui>
<window text="Point Properties" id="point_properties">
  <box vertical="true">
    <box horizontal="true" expansive="true">
      <box vertical="true" homogeneous="true">
        <label text="X:" />
        <label text="Y:" />
      </box>
      <box vertical="true" homogeneous="true" expansive="true">
        <entry maxsize="32" id="x" magnet="true" />
        <entry maxsize="32" id="y" />
      </box>
    </box>
    <box horizontal="true" homogeneous="true">
      <button text="&amp;OK" closewindow="true" id="button_ok" magnet="true" />
      <button text="&amp;Cancel" closewindow="true" />
    </box>
  </box>
</window>
</gui>
