<!-- Aseprite -->
<!-- Copyright (C) 2001-2014 by David Capello -->
<gui>
  <window id="keyboard_shortcuts" text="Keyboard Shortcuts">
    <hbox>
      <vbox expansive="true">
        <hbox>
          <label text="Section:" />
          <combobox id="section" expansive="true" />
        </hbox>
        <view id="menus_view" expansive="true">
          <listbox id="menus" />
        </view>
        <view id="commands_view" expansive="true">
          <listbox id="commands" />
        </view>
        <view id="tools_view" expansive="true">
          <listbox id="tools" />
        </view>
        <view id="actions_view" expansive="true">
          <listbox id="actions" />
        </view>
      </vbox>
      <vbox>
        <button text="&amp;OK" closewindow="true" id="ok" magnet="true" width="60" />
        <button text="&amp;Cancel" closewindow="true" />
        <separator horizontal="true" />
        <button text="&amp;Import" id="import_button" />
        <button text="&amp;Export" id="export_button" />
        <separator horizontal="true" />
        <button text="&amp;Reset" id="reset_button" />
      </vbox>
    </hbox>
  </window>
</gui>
